Sec4|Node5_213|Edge1_207,"[[1, 'v41'], [1, 'co12'], [1, 'v43'], [1, 'v64'], [2, 'v95', 'v16'], [1, 'v52']]"
Sec4|Node5_213|Edge2_222,"[[1, 'v87'], [1, 'v38'], [1, 'co22'], [2, 'co21', 'v73'], [2, 'v107', 'co19'], [1, 'v52'], [2, 'co6', 'v84'], [2, 'v69', 'v29'], [2, 'v20', 'v46'], [2, 'v46', 'v91'], [2, 'co17', 'v15'], [2, 'v98', 'v17'], [1, 'v85'], [2, 'co10', 'v18'], [2, 'v98', 'v31'], [2, 'v34', 'v99']]"
Sec4|Node5_213|Edge3_191,"[[2, 'v73', 'v41'], [1, 'co7'], [1, 'v61'], [1, 'v38'], [2, 'v25', 'co7'], [1, 'co19'], [2, 'v35', 'v36'], [2, 'co2', 'v36'], [1, 'co6'], [2, 'co13', 'v88'], [2, 'co18', 'v89'], [2, 'v61', 'v37'], [2, 'v58', 'v2'], [2, 'v67', 'v6'], [2, 'v90', 'v34'], [1, 'co8'], [1, 'v23'], [2, 'co18', 'v83'], [2, 'v24', 'v43'], [1, 'v95'], [2, 'v56', 'v16'], [2, 'v17', 'v83'], [1, 'v94'], [1, 'v5'], [2, 'co16', 'v6'], [1, 'co15'], [2, 'v55', 'v72'], [2, 'co8', 'v94'], [2, 'v47', 'v17'], [1, 'v33']]"
Sec4|Node5_213|Edge4_146,"[[1, 'v31'], [2, 'v1', 'v81'], [2, 'v99', 'v26'], [1, 'v59'], [2, 'co17', 'v11'], [1, 'co4'], [2, 'co9', 'v43'], [2, 'v21', 'v95'], [2, 'v105', 'v11'], [1, 'v52'], [2, 'v86', 'v13'], [1, 'v12']]"
Sec4|Node5_213|Edge5_147,"[[2, 'v7', 'v48'], [1, 'co13'], [2, 'v101', 'v70'], [1, 'v14'], [1, 'v29'], [1, 'co18'], [2, 'v17', 'v104'], [1, 'v66'], [1, 'v33'], [1, 'co17'], [1, 'v76'], [1, 'v18'], [1, 'v10'], [2, 'co20', 'co4'], [1, 'v60'], [2, 'co4', 'v45']]"
Sec4|Node5_213|Edge6_211,"[[1, 'v46'], [2, 'v85', 'co16'], [1, 'v93'], [2, 'v76', 'v44'], [2, 'co1', 'v78'], [2, 'v37', 'v79'], [1, 'v63'], [2, 'v103', 'v102'], [2, 'v78', 'v12'], [1, 'v36'], [1, 'v33'], [2, 'v107', 'v35'], [2, 'v16', 'v23'], [1, 'v44'], [1, 'co17'], [1, 'v34'], [2, 'v93', 'v91'], [1, 'v104'], [1, 'v77'], [2, 'v71', 'v89']]"
Sec4|Node5_213|Edge7_149,"[[1, 'v5'], [1, 'v57'], [2, 'v104', 'v35'], [2, 'v9', 'v87'], [1, 'v84'], [1, 'v58'], [2, 'co1', 'v70'], [2, 'v13', 'v67'], [2, 'co1', 'v52'], [1, 'co5'], [1, 'v103'], [1, 'co16'], [1, 'co20'], [1, 'v12'], [2, 'co5', 'v37'], [2, 'v85', 'co22'], [2, 'v49', 'v65'], [2, 'v66', 'v33'], [1, 'v25'], [2, 'v60', 'v105'], [2, 'v86', 'co5'], [2, 'v107', 'co20'], [1, 'v23'], [1, 'co23'], [1, 'v31'], [1, 'v49'], [2, 'v43', 'v66'], [2, 'v55', 'v65']]"
Sec4|Node5_213|Edge8_143,"[[1, 'v33'], [1, 'v57'], [1, 'v68'], [1, 'v61']]"
Sec4|Node9_194|Edge1_183,"[[2, 'co7', 'co9'], [2, 'v3', 'co3'], [1, 'co11'], [1, 'co7'], [1, 'co8'], [2, 'co11', 'co8'], [2, 'co3', 'co4'], [1, 'co6'], [1, 'co10']]"
Sec4|Node9_194|Edge2_226,"[[2, 'co5', 'v4'], [2, 'co10', 'co12'], [2, 'v2', 'co1'], [2, 'co10', 'co5'], [2, 'co3', 'co6'], [1, 'v3'], [1, 'co14'], [2, 'v3', 'co4'], [2, 'co14', 'co11'], [1, 'co6'], [1, 'v2'], [2, 'v2', 'co2'], [1, 'co9'], [1, 'v1'], [2, 'co2', 'co9'], [1, 'co7'], [2, 'co2', 'co14'], [2, 'co1', 'v5'], [2, 'v2', 'v3']]"
Sec4|Node9_194|Edge3_247,"[[1, 'co9'], [1, 'co4'], [1, 'co11'], [2, 'co14', 'co5'], [2, 'co1', 'v4'], [1, 'v3'], [1, 'co14'], [1, 'v5']]"
Sec4|Node9_194|Edge4_181,"[[2, 'co15', 'v5'], [2, 'v2', 'v5'], [1, 'co6'], [1, 'co11'], [2, 'co11', 'co5']]"
Sec4|Node9_194|Edge5_299,"[[1, 'v3'], [2, 'v1', 'v3'], [1, 'v1'], [1, 'v2'], [2, 'co8', 'v4'], [1, 'co14'], [2, 'co3', 'v2'], [2, 'co4', 'co14'], [2, 'co2', 'co10'], [2, 'co9', 'v4'], [2, 'v5', 'co12'], [2, 'co10', 'v3']]"
Sec4|Node9_194|Edge6_217,"[[2, 'v1', 'co9'], [2, 'co10', 'co2'], [1, 'co10'], [1, 'co13'], [1, 'co9'], [2, 'co5', 'co12'], [2, 'v1', 'v4'], [1, 'v2'], [2, 'co7', 'co2'], [2, 'co1', 'v1'], [1, 'co11'], [2, 'co7', 'co12'], [2, 'co1', 'co14'], [1, 'co4']]"
Sec4|Node9_194|Edge7_194,"[[1, 'co2'], [1, 'co9'], [2, 'co13', 'co4'], [2, 'co15', 'co14'], [1, 'co15'], [1, 'co14'], [1, 'v1'], [1, 'co7'], [2, 'co3', 'co15'], [2, 'v2', 'co2'], [2, 'v2', 'co11'], [1, 'co12'], [1, 'v2'], [1, 'v3'], [1, 'co4']]"
Sec4|Node9_194|Edge8_278,"[[1, 'v2'], [2, 'co14', 'v5'], [2, 'co1', 'co9'], [2, 'co15', 'co3'], [2, 'co4', 'co2'], [1, 'co6'], [2, 'v5', 'co3']]"
Sec4|Node23_199|Edge1_237,"[[1, 'v55'], [1, 'v23'], [1, 'v44'], [1, 'co3'], [2, 'v22', 'v52'], [1, 'v46'], [1, 'v22'], [2, 'v14', 'v2'], [1, 'v25'], [1, 'v26'], [2, 'v54', 'v42'], [2, 'v25', 'co9'], [2, 'co15', 'v25'], [1, 'v64'], [1, 'co10'], [1, 'co4'], [2, 'co7', 'co12'], [2, 'v15', 'v37'], [1, 'v34'], [2, 'v56', 'v2'], [1, 'v18'], [1, 'v24']]"
Sec4|Node23_199|Edge2_301,"[[1, 'v48'], [2, 'v62', 'v18'], [1, 'v67'], [2, 'v2', 'v69'], [2, 'v21', 'v7'], [1, 'v12'], [2, 'v59', 'v19'], [2, 'v36', 'v30'], [2, 'v42', 'v25'], [2, 'v4', 'co2'], [1, 'v7'], [2, 'v13', 'v17'], [1, 'v28'], [2, 'co14', 'v26'], [1, 'v64'], [1, 'co4'], [1, 'co3'], [2, 'v22', 'v25'], [1, 'v21'], [2, 'v58', 'v38'], [1, 'v19'], [2, 'co3', 'v69'], [1, 'v51'], [1, 'v68'], [2, 'v5', 'v60']]"
Sec4|Node23_199|Edge3_242,"[[1, 'v2'], [2, 'v71', 'v46']]"
Sec4|Node23_199|Edge4_195,"[[2, 'v28', 'v24'], [1, 'v39'], [2, 'v50', 'v51'], [2, 'v41', 'v69'], [2, 'v52', 'v11'], [1, 'v11'], [1, 'v30'], [2, 'v37', 'v11'], [2, 'v69', 'v66'], [2, 'v36', 'v22'], [1, 'v18'], [2, 'v69', 'v5'], [2, 'v42', 'v64'], [1, 'v15'], [2, 'v65', 'co7'], [1, 'v41'], [2, 'v59', 'co2'], [1, 'v12'], [2, 'v57', 'v29'], [2, 'v58', 'co6'], [2, 'v30', 'v29'], [2, 'v6', 'co12'], [1, 'v72']]"
Sec4|Node23_199|Edge5_196,"[[1, 'v45'], [1, 'v11'], [2, 'v25', 'v10'], [1, 'v67'], [1, 'v68'], [1, 'v41'], [2, 'v52', 'co15'], [2, 'v43', 'v35'], [2, 'v34', 'v49'], [2, 'v50', 'v28'], [1, 'v25']]"
Sec4|Node23_199|Edge6_191,"[[2, 'v55', 'v8'], [2, 'co10', 'v47'], [2, 'v63', 'co4'], [1, 'v4'], [2, 'co11', 'v45'], [2, 'v52', 'co4'], [2, 'v61', 'v51'], [1, 'v61'], [2, 'v67', 'v18'], [1, 'v56'], [2, 'v34', 'v12'], [1, 'co5'], [1, 'v16'], [2, 'co6', 'co10'], [2, 'v63', 'v43'], [2, 'v1', 'co11'], [2, 'co8', 'v25']]"
Sec4|Node23_199|Edge7_209,"[[1, 'v55'], [2, 'v6', 'co6'], [1, 'v43'], [2, 'v12', 'v59'], [2, 'v33', 'v42'], [1, 'v35'], [2, 'v16', 'co6'], [1, 'co10'], [2, 'v56', 'co14'], [2, 'v9', 'co6'], [2, 'co11', 'co3'], [1, 'v3'], [2, 'v28', 'v26'], [2, 'v28', 'v66'], [1, 'v38'], [2, 'v10', 'v60'], [2, 'v59', 'v51'], [1, 'co8'], [1, 'v61'], [1, 'v54'], [1, 'v4'], [2, 'v46', 'co5'], [1, 'v70'], [1, 'v26'], [1, 'v23'], [1, 'v68'], [2, 'v55', 'v7']]"
Sec4|Node23_199|Edge8_232,"[[1, 'v3'], [2, 'v9', 'v58'], [2, 'v11', 'v46'], [2, 'co12', 'v12'], [1, 'co10']]"
Sec4|Node10_298|Edge1_255,"[[1, 'v33'], [1, 'co47'], [1, 'v20'], [1, 'co40'], [2, 'co7', 'v61']]"
Sec4|Node10_298|Edge2_312,"[[1, 'v63']]"
Sec4|Node10_298|Edge3_272,"[[1, 'v7'], [2, 'v58', 'v27']]"
Sec4|Node10_298|Edge4_311,"[[2, 'v56', 'co7'], [1, 'v36'], [2, 'v64', 'co32'], [2, 'v8', 'v19'], [1, 'co26'], [2, 'v46', 'v38'], [2, 'v62', 'co46'], [1, 'co7'], [2, 'co37', 'v10'], [1, 'v29'], [2, 'co9', 'v39'], [2, 'co38', 'co27'], [2, 'co57', 'v28'], [2, 'v51', 'co12'], [1, 'v45'], [1, 'v49'], [1, 'v47'], [1, 'v11'], [2, 'v21', 'co19'], [1, 'v32'], [2, 'v50', 'co2'], [1, 'v15']]"
Sec4|Node10_298|Edge5_262,"[[2, 'v51', 'co19'], [2, 'v6', 'v12'], [2, 'v52', 'v42'], [1, 'co53'], [2, 'v24', 'v21'], [2, 'co53', 'co30'], [1, 'v54'], [2, 'v34', 'v6'], [2, 'v15', 'co9'], [1, 'co33'], [1, 'co21'], [2, 'co43', 'co48'], [2, 'v6', 'co57'], [1, 'v50'], [2, 'co57', 'co34'], [1, 'co49'], [1, 'co25'], [1, 'co48']]"
Sec4|Node10_298|Edge6_360,"[[2, 'co28', 'v1'], [1, 'v7'], [2, 'co57', 'v2'], [2, 'co42', 'v56'], [2, 'co16', 'co48'], [1, 'co56'], [2, 'v13', 'v28'], [1, 'v21'], [1, 'v6'], [2, 'co52', 'v8'], [1, 'v31'], [2, 'co33', 'v58'], [2, 'v61', 'co52'], [1, 'v29'], [1, 'v37'], [1, 'v51'], [2, 'v56', 'co27'], [2, 'co21', 'co33'], [1, 'v28'], [1, 'v42'], [1, 'v14'], [2, 'v14', 'v38']]"
Sec4|Node10_298|Edge7_253,"[[1, 'v58'], [1, 'co8'], [2, 'co13', 'v35'], [1, 'v48'], [2, 'co24', 'v36'], [1, 'co9'], [1, 'co1'], [1, 'co12'], [1, 'v33'], [1, 'v34'], [2, 'v51', 'co4'], [1, 'v25'], [1, 'v45'], [1, 'v6']]"
Sec4|Node10_298|Edge8_318,"[[2, 'co6', 'v1'], [1, 'co11'], [2, 'co48', 'v34'], [1, 'v7'], [2, 'v62', 'co35'], [1, 'v12'], [2, 'v51', 'v30'], [2, 'co51', 'co28'], [1, 'co13'], [2, 'v17', 'co15'], [1, 'v54'], [1, 'co47'], [1, 'v4'], [2, 'co29', 'v35'], [2, 'co30', 'v21'], [2, 'v38', 'co59'], [2, 'co55', 'v32'], [2, 'co26', 'co40'], [1, 'v14'], [1, 'v5'], [2, 'v39', 'co21'], [2, 'co31', 'v61'], [1, 'co24'], [2, 'v55', 'v20'], [1, 'co4'], [1, 'v23'], [2, 'co55', 'v26'], [2, 'v51', 'v25'], [2, 'co51', 'co54']]"
Sec4|Node11_219|Edge1_241,"[[2, 'v18', 'v35'], [2, 'v17', 'v51'], [1, 'co29'], [2, 'co2', 'co30'], [2, 'co9', 'co20'], [1, 'v17'], [1, 'v42'], [2, 'co29', 'v46'], [1, 'v48'], [2, 'co7', 'v34'], [1, 'v9']]"
Sec4|Node11_219|Edge2_214,"[[1, 'co30'], [1, 'v6'], [1, 'v33'], [2, 'co3', 'co10'], [2, 'v28', 'v16'], [2, 'co11', 'v35'], [1, 'co33'], [2, 'co10', 'v40'], [2, 'co19', 'v32'], [1, 'v36'], [1, 'co6'], [1, 'co24'], [2, 'v3', 'co13'], [1, 'v29'], [1, 'v13'], [1, 'v1'], [1, 'v52'], [2, 'co30', 'v24'], [2, 'co28', 'v2'], [1, 'co26'], [1, 'co7'], [1, 'co13'], [2, 'v49', 'v32'], [1, 'co19'], [1, 'co21']]"
Sec4|Node11_219|Edge3_292,"[[2, 'v9', 'v46'], [2, 'co20', 'co13'], [1, 'v2']]"
Sec4|Node11_219|Edge4_264,"[[2, 'v46', 'v2'], [2, 'v14', 'v18'], [2, 'v1', 'v41'], [1, 'v12'], [2, 'v22', 'v48'], [2, 'co18', 'v7'], [1, 'co19']]"
Sec4|Node11_219|Edge5_219,"[[2, 'co21', 'v45'], [1, 'co19'], [1, 'co1'], [1, 'v39'], [2, 'v2', 'co27'], [2, 'v48', 'v6'], [1, 'v5'], [2, 'v26', 'co17'], [2, 'v22', 'co11'], [1, 'co21'], [2, 'v12', 'v44'], [2, 'co23', 'co29'], [2, 'v23', 'v14'], [2, 'v42', 'co12'], [1, 'co3'], [1, 'co15'], [1, 'v42'], [2, 'co12', 'v11'], [2, 'v38', 'v47'], [1, 'v44'], [1, 'v15'], [1, 'co5'], [1, 'co26'], [1, 'v52'], [1, 'co13'], [1, 'v47'], [2, 'v43', 'v49'], [2, 'co27', 'v48'], [2, 'co23', 'co26']]"
Sec4|Node11_219|Edge6_365,"[[2, 'v11', 'v8'], [2, 'v1', 'v45'], [2, 'co22', 'v25'], [2, 'co16', 'v14'], [2, 'v3', 'v19'], [1, 'v3'], [1, 'co15'], [1, 'v27'], [2, 'v12', 'v13']]"
Sec4|Node11_219|Edge7_258,"[[2, 'v2', 'co21'], [2, 'co27', 'v19'], [1, 'v52'], [2, 'co33', 'co10'], [1, 'co3'], [1, 'co17'], [2, 'co20', 'v7'], [2, 'co17', 'co1'], [2, 'v9', 'co9'], [1, 'v18'], [2, 'v7', 'co11'], [1, 'v45'], [1, 'v42'], [2, 'v50', 'co10'], [2, 'co15', 'v4'], [2, 'co17', 'v28'], [1, 'v43'], [1, 'v25'], [2, 'v1', 'co4'], [1, 'v44']]"
Sec4|Node11_219|Edge8_369,"[[2, 'co4', 'co6'], [1, 'v36'], [2, 'v11', 'co9'], [1, 'v16'], [2, 'v22', 'v14'], [2, 'v18', 'v24'], [1, 'co13'], [1, 'v17'], [2, 'v50', 'v49'], [1, 'v52'], [2, 'v47', 'co15'], [2, 'co8', 'co18'], [2, 'co1', 'v42'], [1, 'co2'], [2, 'co16', 'co18'], [1, 'v48'], [2, 'co2', 'v49'], [1, 'v9'], [1, 'v22'], [1, 'v13'], [2, 'v29', 'v22'], [2, 'co2', 'v22']]"
Sec4|Node22_193|Edge1_188,"[[1, 'v1'], [1, 'v5'], [2, 'co2', 'v7'], [2, 'v18', 'v20'], [1, 'v11'], [1, 'co5'], [1, 'v9'], [2, 'v9', 'v13'], [2, 'v13', 'v17'], [1, 'v15'], [1, 'v3'], [1, 'v16'], [1, 'v14'], [1, 'v13'], [1, 'v19'], [2, 'v12', 'co3'], [2, 'v14', 'v15'], [2, 'v20', 'v19'], [2, 'v1', 'v8']]"
Sec4|Node22_193|Edge2_235,"[[1, 'co3'], [2, 'v3', 'v17'], [1, 'v16'], [1, 'co1'], [2, 'co3', 'v19'], [2, 'v18', 'v7'], [1, 'v7'], [1, 'co4'], [2, 'v3', 'v15'], [2, 'v3', 'v6'], [2, 'v9', 'v21'], [1, 'v15'], [1, 'v9']]"
Sec4|Node22_193|Edge3_335,"[[2, 'v17', 'v16'], [2, 'v20', 'v1'], [2, 'v18', 'v7'], [2, 'v2', 'v1']]"
Sec4|Node22_193|Edge4_200,"[[2, 'co4', 'v20'], [1, 'v6'], [1, 'v17'], [1, 'v14'], [1, 'v20'], [1, 'co5'], [2, 'v10', 'v3'], [2, 'v5', 'v4'], [1, 'v11'], [1, 'v8'], [2, 'v1', 'v6'], [1, 'co2'], [2, 'co1', 'v7'], [2, 'v13', 'v20'], [2, 'v19', 'v9'], [1, 'v1'], [1, 'v7'], [2, 'v15', 'co4'], [1, 'v15'], [2, 'co4', 'v1'], [2, 'co4', 'co5'], [2, 'v11', 'v1'], [2, 'v10', 'v4']]"
Sec4|Node22_193|Edge5_170,"[[2, 'v13', 'co3'], [2, 'v14', 'co3'], [2, 'v14', 'v4'], [2, 'v17', 'co4'], [1, 'co1'], [2, 'v15', 'v19'], [2, 'v10', 'v18'], [1, 'v2'], [2, 'v20', 'v11'], [2, 'v1', 'v18'], [1, 'v3'], [1, 'v5'], [2, 'v20', 'v4'], [1, 'v4'], [1, 'v15'], [2, 'v12', 'v20'], [2, 'v16', 'v19'], [2, 'v18', 'v4'], [2, 'co2', 'co4'], [1, 'co5'], [1, 'v21']]"
Sec4|Node22_193|Edge6_245,"[[2, 'v5', 'co4'], [2, 'v8', 'v4'], [1, 'v9'], [2, 'v17', 'v13'], [1, 'v8'], [2, 'v15', 'v14'], [1, 'v2'], [1, 'v1'], [1, 'v20'], [2, 'v6', 'v20'], [1, 'co4'], [1, 'v6'], [2, 'v2', 'v11'], [2, 'v18', 'v7'], [1, 'co1'], [2, 'v3', 'v18'], [2, 'v2', 'v12'], [1, 'v10'], [2, 'v6', 'v4'], [2, 'v12', 'v1'], [2, 'v9', 'v21'], [2, 'v17', 'v6'], [2, 'v13', 'v1'], [2, 'v16', 'v8']]"
Sec4|Node22_193|Edge7_237,"[[1, 'v19'], [1, 'co5'], [1, 'v11'], [2, 'v13', 'co3'], [2, 'v14', 'v12'], [2, 'v20', 'v21']]"
Sec4|Node22_193|Edge8_322,"[[1, 'v9'], [2, 'v9', 'v5'], [2, 'v19', 'v16'], [1, 'co2'], [1, 'v2'], [2, 'v9', 'co2'], [1, 'v16'], [1, 'v3'], [1, 'v11'], [1, 'v13'], [2, 'v3', 'v7'], [1, 'co5'], [2, 'v14', 'v11'], [1, 'v1'], [1, 'v20'], [2, 'v21', 'v13']]"
Sec4|Node24_186|Edge1_183,"[[2, 'v57', 'v70'], [1, 'v6'], [2, 'v60', 'v19'], [1, 'v13'], [2, 'v24', 'v69'], [2, 'v23', 'v14'], [2, 'v39', 'v37'], [2, 'v75', 'v15'], [2, 'v73', 'v54'], [1, 'v20'], [1, 'v74']]"
Sec4|Node24_186|Edge2_172,"[[1, 'v4'], [1, 'v26'], [2, 'v70', 'v71'], [1, 'v68'], [2, 'v71', 'v56'], [1, 'v12'], [2, 'v21', 'v64'], [2, 'v69', 'v57'], [1, 'v59'], [2, 'v31', 'v81']]"
Sec4|Node24_186|Edge3_202,"[[1, 'v19'], [1, 'v9'], [2, 'v18', 'v39'], [2, 'v63', 'v58'], [1, 'v63'], [2, 'v51', 'v63'], [1, 'v78'], [1, 'v17'], [1, 'v36'], [1, 'v68'], [1, 'v82'], [1, 'v8'], [1, 'v29'], [1, 'v45'], [1, 'v49'], [1, 'v7'], [1, 'v14'], [1, 'v50'], [2, 'v28', 'v50']]"
Sec4|Node24_186|Edge4_198,"[[1, 'v32'], [2, 'v69', 'v8'], [2, 'v26', 'v58'], [1, 'v46'], [2, 'v79', 'v19'], [1, 'v73'], [1, 'v61'], [1, 'v14'], [2, 'v18', 'v60'], [2, 'v4', 'v24'], [1, 'v25'], [1, 'v62'], [2, 'v58', 'v23'], [1, 'v81'], [1, 'v65'], [2, 'v28', 'v63']]"
Sec4|Node24_186|Edge5_259,"[[1, 'v53'], [1, 'v23'], [2, 'v31', 'v72'], [1, 'v73'], [2, 'v15', 'v46'], [2, 'v79', 'v16'], [2, 'v49', 'v32'], [1, 'v30'], [1, 'v33'], [1, 'v22'], [2, 'v31', 'v48'], [1, 'v26'], [1, 'v17'], [2, 'v48', 'v81'], [2, 'v49', 'v25'], [2, 'v10', 'v76'], [1, 'v41'], [1, 'v12'], [1, 'v65'], [2, 'v30', 'v26'], [1, 'v62'], [1, 'v20'], [2, 'v75', 'v68'], [2, 'v24', 'v12'], [2, 'v3', 'v7'], [2, 'v61', 'v49'], [2, 'v7', 'v8']]"
Sec4|Node24_186|Edge6_210,"[[2, 'v11', 'v23'], [1, 'v7'], [1, 'v11'], [2, 'v38', 'v17'], [1, 'v5'], [2, 'v15', 'v58'], [1, 'v1'], [1, 'v81'], [2, 'v54', 'v12'], [1, 'v53'], [1, 'v10'], [2, 'v54', 'v37']]"
Sec4|Node24_186|Edge7_178,"[[2, 'v52', 'v67'], [2, 'v5', 'v37'], [2, 'v40', 'v29'], [2, 'v6', 'v52'], [2, 'v11', 'v34'], [1, 'v75'], [2, 'v37', 'v31'], [2, 'v24', 'v62'], [1, 'v2'], [1, 'v10'], [2, 'v65', 'v14'], [2, 'v8', 'v63'], [1, 'v12'], [2, 'v40', 'v56'], [2, 'v42', 'v37'], [2, 'v27', 'v14'], [2, 'v69', 'v5'], [2, 'v67', 'v57']]"
Sec4|Node24_186|Edge8_264,"[[2, 'v1', 'v25'], [2, 'v75', 'v21'], [2, 'v39', 'v33'], [2, 'v17', 'v39'], [1, 'v46'], [2, 'v64', 'v27'], [1, 'v30'], [2, 'v41', 'v64'], [2, 'v78', 'v53'], [1, 'v11'], [1, 'v51'], [2, 'v42', 'v35'], [1, 'v25'], [2, 'v33', 'v37'], [1, 'v12'], [1, 'v22'], [2, 'v3', 'v78'], [1, 'v5'], [2, 'v69', 'v59'], [1, 'v32'], [1, 'v1'], [2, 'v76', 'v60'], [1, 'v79'], [1, 'v41'], [1, 'v66'], [1, 'v56'], [2, 'v60', 'v58'], [2, 'v30', 'v35'], [2, 'v24', 'v6'], [1, 'v28']]"
Sec4|Node18_137|Edge1_227,"[[2, 'v5', 'v7'], [2, 'v17', 'v15'], [1, 'v3'], [2, 'v5', 'v8'], [1, 'v19'], [1, 'v13'], [2, 'v18', 'v2'], [2, 'v17', 'v20'], [2, 'v14', 'co1']]"
Sec4|Node18_137|Edge2_250,"[[2, 'v9', 'v15'], [2, 'v2', 'v1'], [1, 'v5'], [2, 'v17', 'v4'], [2, 'v21', 'v8'], [1, 'v20'], [1, 'v6'], [2, 'v11', 'v8'], [1, 'v16'], [2, 'v21', 'v10'], [2, 'v21', 'v2'], [1, 'v4'], [1, 'v17'], [2, 'v14', 'v7'], [1, 'v7'], [2, 'v3', 'co1'], [2, 'v20', 'v1']]"
Sec4|Node18_137|Edge3_230,"[[2, 'v9', 'co1'], [2, 'v13', 'v19'], [1, 'v7'], [1, 'v12'], [1, 'v17'], [2, 'v1', 'v6']]"
Sec4|Node18_137|Edge4_227,"[[2, 'v16', 'v9'], [1, 'v9'], [2, 'v11', 'v13'], [1, 'v2'], [1, 'v7'], [1, 'v15'], [1, 'v10'], [1, 'v1'], [1, 'v5']]"
Sec4|Node18_137|Edge5_255,"[[1, 'v12']]"
Sec4|Node18_137|Edge6_239,"[[1, 'v3'], [1, 'v18'], [2, 'v19', 'v7'], [1, 'co1'], [2, 'v8', 'v16'], [1, 'v2'], [1, 'v6'], [2, 'v10', 'v21'], [1, 'v9'], [2, 'v15', 'v18'], [2, 'v19', 'v11'], [1, 'v19'], [2, 'v11', 'co1'], [2, 'v6', 'v15'], [2, 'v16', 'v1'], [1, 'v8'], [2, 'v4', 'v16'], [2, 'v3', 'v13']]"
Sec4|Node18_137|Edge7_261,"[[1, 'v17'], [1, 'v5'], [1, 'v1']]"
Sec4|Node18_137|Edge8_249,"[[1, 'v12']]"
Sec4|Node12_205|Edge1_194,"[[1, 'co52'], [1, 'v26'], [1, 'co59'], [1, 'v22'], [1, 'co35'], [2, 'co20', 'co59'], [1, 'co55'], [2, 'co38', 'co21'], [2, 'co15', 'v1'], [1, 'co56'], [1, 'co36'], [2, 'co4', 'co9'], [2, 'v32', 'co34'], [2, 'co49', 'v23'], [2, 'co60', 'co43'], [1, 'co19'], [1, 'co53'], [2, 'co43', 'co15'], [2, 'v6', 'co54'], [1, 'co18'], [2, 'v17', 'v18'], [1, 'co34'], [1, 'v4'], [1, 'co48'], [1, 'v14']]"
Sec4|Node12_205|Edge2_206,"[[2, 'co23', 'v12'], [2, 'co43', 'co45'], [1, 'co43'], [2, 'v29', 'co17']]"
Sec4|Node12_205|Edge3_289,"[[1, 'v31'], [2, 'v33', 'v14'], [2, 'co39', 'co59'], [2, 'co30', 'v1'], [1, 'co15'], [1, 'co33'], [1, 'v21'], [2, 'co22', 'v10'], [2, 'v25', 'v10'], [1, 'v26'], [2, 'v31', 'v2'], [1, 'v13'], [1, 'v19'], [1, 'v1'], [2, 'co11', 'co13'], [2, 'v28', 'v7'], [1, 'v2'], [1, 'co50'], [1, 'co47'], [2, 'co58', 'v15'], [2, 'co14', 'v2'], [2, 'v31', 'v1'], [2, 'co6', 'co22'], [2, 'v20', 'v25'], [2, 'co6', 'co35'], [1, 'co36'], [2, 'co1', 'v7'], [2, 'v16', 'v32'], [2, 'co40', 'co36'], [2, 'v22', 'co33']]"
Sec4|Node12_205|Edge4_216,"[[1, 'co13'], [2, 'co41', 'co18'], [1, 'co56'], [2, 'co49', 'v33'], [1, 'co34'], [2, 'co22', 'v9'], [2, 'co25', 'co30'], [2, 'co8', 'co45'], [2, 'co35', 'co56']]"
Sec4|Node12_205|Edge5_189,"[[1, 'co29'], [1, 'co48'], [1, 'co36'], [2, 'co58', 'co8'], [1, 'co20'], [1, 'co50'], [1, 'v17'], [2, 'co43', 'v30'], [2, 'co26', 'co15'], [1, 'co56'], [1, 'co28'], [2, 'v17', 'co57'], [2, 'co2', 'v24'], [1, 'v12'], [2, 'v33', 'co20'], [2, 'co15', 'v1'], [1, 'v21'], [2, 'co58', 'co35'], [2, 'co49', 'co60'], [1, 'co51'], [1, 'v29'], [2, 'co35', 'v27'], [1, 'co3']]"
Sec4|Node12_205|Edge6_293,"[[1, 'co16'], [1, 'co34'], [2, 'co29', 'co56'], [2, 'co46', 'co32']]"
Sec4|Node12_205|Edge7_304,"[[2, 'co38', 'v29'], [2, 'co22', 'co25'], [1, 'v13'], [1, 'co60'], [2, 'v9', 'v15'], [1, 'v30'], [2, 'v1', 'co33'], [2, 'v13', 'co31']]"
Sec4|Node12_205|Edge8_310,"[[2, 'co11', 'co3'], [1, 'co38'], [1, 'co23'], [2, 'v3', 'co56'], [2, 'co30', 'v18'], [2, 'v8', 'co16'], [2, 'co55', 'co29'], [2, 'v9', 'co51'], [2, 'co42', 'co21'], [1, 'v23'], [2, 'co25', 'co35'], [2, 'v20', 'co59'], [1, 'v34'], [2, 'co38', 'v26'], [1, 'co1'], [1, 'v20'], [2, 'co18', 'co38'], [1, 'co25']]"
Sec4|Node17_184|Edge1_373,"[[1, 'co54'], [2, 'co49', 'co21'], [2, 'co68', 'co75'], [1, 'v28'], [2, 'co79', 'v10'], [1, 'co41'], [1, 'co29'], [2, 'co59', 'v28'], [1, 'co31'], [2, 'v2', 'co1'], [2, 'v4', 'co13'], [1, 'v14'], [1, 'v6'], [2, 'co4', 'co55'], [1, 'v15'], [2, 'v19', 'co3'], [1, 'co65'], [2, 'co15', 'co74'], [2, 'v11', 'v3'], [1, 'co20'], [1, 'co36'], [1, 'co3'], [1, 'co59'], [2, 'co47', 'co78'], [1, 'v5'], [2, 'co5', 'v5'], [1, 'co42'], [2, 'v15', 'co62']]"
Sec4|Node17_184|Edge2_199,"[[1, 'co81'], [1, 'co25'], [2, 'v25', 'co20'], [1, 'co37'], [1, 'co50'], [1, 'co4'], [2, 'co81', 'co13'], [1, 'co54'], [2, 'co79', 'co56'], [1, 'co56'], [1, 'co5'], [2, 'co30', 'co5'], [2, 'co68', 'v15'], [2, 'co56', 'co2'], [1, 'co45'], [1, 'v6'], [2, 'co31', 'co11'], [1, 'v2'], [2, 'co79', 'co39'], [1, 'co41'], [2, 'co28', 'co60'], [2, 'co17', 'co15'], [1, 'co64'], [2, 'co64', 'co46'], [2, 'co72', 'co45']]"
Sec4|Node17_184|Edge3_240,"[[2, 'v16', 'co43'], [2, 'co70', 'co26'], [1, 'v16'], [1, 'co60'], [1, 'co28'], [1, 'co25'], [2, 'co49', 'co26'], [1, 'co15'], [1, 'v17'], [2, 'co35', 'co32'], [2, 'co60', 'co39'], [2, 'co41', 'co23'], [2, 'co46', 'v17'], [1, 'v4'], [1, 'v10'], [2, 'co52', 'co24'], [2, 'co20', 'co81'], [2, 'co18', 'co70'], [2, 'co76', 'v18'], [1, 'co33'], [2, 'co65', 'v9'], [1, 'v23'], [2, 'co27', 'co72'], [2, 'co69', 'co75'], [2, 'v7', 'co52'], [1, 'co55'], [2, 'v28', 'co6'], [2, 'co13', 'co9']]"
Sec4|Node17_184|Edge4_263,"[[1, 'co47'], [1, 'v27'], [2, 'co3', 'co31'], [2, 'co46', 'v2'], [2, 'co45', 'co54'], [1, 'co23'], [2, 'co1', 'co2'], [2, 'co54', 'v5'], [2, 'v1', 'co47'], [2, 'v27', 'co57'], [2, 'co68', 'v16'], [2, 'co78', 'co20'], [2, 'co5', 'co75'], [1, 'co69']]"
Sec4|Node17_184|Edge5_250,"[[1, 'v12'], [1, 'v24'], [1, 'co67'], [2, 'v17', 'co74'], [2, 'co35', 'co21'], [1, 'co40'], [1, 'co43'], [2, 'co55', 'co11'], [1, 'co66'], [2, 'v7', 'co45'], [2, 'v20', 'v2'], [1, 'co21'], [2, 'v9', 'v26'], [2, 'v9', 'co48'], [2, 'co75', 'co56'], [2, 'co49', 'co47'], [2, 'co81', 'v14'], [1, 'co32'], [2, 'co43', 'co28'], [1, 'co79'], [2, 'co51', 'v23'], [2, 'v8', 'co16'], [2, 'v26', 'co47'], [2, 'co22', 'v7'], [2, 'co58', 'v18'], [1, 'co29'], [2, 'v10', 'co42'], [2, 'co72', 'v12'], [2, 'v7', 'co63'], [2, 'co74', 'v12']]"
Sec4|Node17_184|Edge6_318,"[[1, 'co50'], [1, 'co9'], [2, 'v2', 'co69'], [2, 'v24', 'co61'], [1, 'co53']]"
Sec4|Node17_184|Edge7_253,"[[1, 'co62'], [2, 'co18', 'co60']]"
Sec4|Node17_184|Edge8_339,"[[2, 'co3', 'co70'], [2, 'co64', 'co27'], [2, 'v9', 'v8']]"
Sec4|Node3_219|Edge1_227,"[[2, 'v155', 'v58'], [2, 'v59', 'v6'], [1, 'v106'], [1, 'v39'], [2, 'v102', 'v92'], [2, 'v52', 'v44'], [2, 'v47', 'v53'], [1, 'co23'], [2, 'v23', 'v49'], [2, 'v59', 'v126'], [2, 'v146', 'v78'], [2, 'v163', 'v20'], [2, 'v132', 'v5'], [2, 'v25', 'v7'], [2, 'v79', 'v81'], [1, 'v100'], [1, 'v30'], [2, 'co3', 'v44'], [1, 'v104'], [2, 'v68', 'v87'], [2, 'v91', 'v142'], [2, 'v65', 'v25'], [2, 'v38', 'v79'], [1, 'v154'], [1, 'v8'], [2, 'v68', 'v25'], [1, 'v157'], [2, 'v35', 'v70'], [2, 'v84', 'v75']]"
Sec4|Node3_219|Edge2_235,"[[1, 'v73'], [1, 'v141'], [2, 'v137', 'v151'], [2, 'v135', 'v158'], [1, 'v136'], [2, 'v126', 'v77'], [1, 'v18'], [1, 'v58'], [1, 'v162'], [1, 'v19'], [1, 'v131']]"
Sec4|Node3_219|Edge3_219,"[[1, 'v27'], [1, 'v116'], [1, 'v37'], [2, 'v26', 'co16'], [2, 'v142', 'v38'], [1, 'v3'], [2, 'v88', 'v36'], [2, 'v149', 'v75'], [1, 'v19'], [2, 'v67', 'v131'], [2, 'v112', 'v9'], [1, 'co22']]"
Sec4|Node3_219|Edge4_209,"[[2, 'v3', 'co17'], [1, 'v63'], [2, 'v158', 'v151'], [2, 'v48', 'co12'], [2, 'v19', 'v18'], [1, 'v110'], [2, 'v119', 'co17'], [1, 'co15'], [1, 'v131'], [1, 'co23'], [1, 'v93'], [2, 'v89', 'v150'], [1, 'v81'], [2, 'v49', 'v70'], [1, 'v146'], [2, 'v27', 'v15'], [1, 'v112']]"
Sec4|Node3_219|Edge5_226,"[[1, 'co1'], [1, 'v22'], [1, 'v125'], [2, 'v82', 'v149'], [2, 'v88', 'v103'], [2, 'v160', 'co12'], [1, 'v149'], [2, 'v66', 'v25'], [2, 'v86', 'v36'], [2, 'v10', 'v47'], [1, 'v34'], [1, 'v17'], [1, 'v112'], [1, 'v74'], [2, 'co9', 'co15'], [2, 'v82', 'v133'], [1, 'v49']]"
Sec4|Node3_219|Edge6_224,"[[2, 'v14', 'v163'], [1, 'v146'], [1, 'v155'], [2, 'v161', 'v29'], [1, 'v142'], [1, 'v153'], [2, 'v142', 'v54'], [1, 'v62'], [1, 'v51'], [2, 'v138', 'co17'], [1, 'v7'], [1, 'v69'], [1, 'v161'], [1, 'v106'], [1, 'v138'], [2, 'v104', 'v22'], [2, 'v5', 'v27'], [2, 'v102', 'v141'], [2, 'v31', 'v140'], [2, 'v23', 'co23'], [1, 'v119'], [1, 'v26'], [2, 'v83', 'co6'], [1, 'v3'], [1, 'v72'], [1, 'v13'], [2, 'co3', 'v22'], [1, 'v86'], [2, 'v59', 'v60']]"
Sec4|Node3_219|Edge7_218,"[[2, 'v37', 'v94'], [2, 'v131', 'v107'], [2, 'co13', 'v123'], [1, 'v151'], [1, 'v70'], [2, 'v110', 'v146'], [1, 'v140'], [1, 'v63'], [2, 'v135', 'v85'], [1, 'co5'], [1, 'v99'], [2, 'v99', 'v89'], [2, 'v118', 'v154'], [2, 'v91', 'v126'], [2, 'v29', 'v135'], [1, 'v115'], [2, 'v134', 'co24'], [1, 'v134'], [1, 'v23'], [2, 'v146', 'v24'], [1, 'v135'], [1, 'v57'], [1, 'v13'], [1, 'v71']]"
Sec4|Node3_219|Edge8_237,"[[1, 'co12'], [2, 'v111', 'v29'], [1, 'v17'], [2, 'v15', 'v13'], [2, 'v155', 'v160'], [2, 'v113', 'v60'], [1, 'v10'], [1, 'v112'], [1, 'v43'], [2, 'v119', 'v147'], [2, 'v10', 'v31'], [2, 'v60', 'v136'], [2, 'v84', 'co16'], [2, 'v112', 'v98'], [2, 'v80', 'v100'], [2, 'v124', 'v112'], [1, 'v25'], [2, 'v39', 'v6'], [1, 'v52']]"
Sec4|Node13_187|Edge1_200,"[[2, 'v13', 'v50'], [2, 'v7', 'v5'], [1, 'v34'], [2, 'v57', 'v49'], [1, 'v14'], [2, 'v5', 'v55'], [2, 'v34', 'v22'], [2, 'v50', 'co17'], [2, 'v29', 'co5'], [2, 'v3', 'v35'], [1, 'v49'], [1, 'co8'], [2, 'co16', 'v10'], [1, 'v47'], [2, 'v5', 'v33'], [2, 'v27', 'v15'], [2, 'v21', 'v49'], [1, 'co22']]"
Sec4|Node13_187|Edge2_250,"[[1, 'co19'], [2, 'v60', 'co15'], [2, 'v5', 'v4'], [2, 'co18', 'v7'], [2, 'v59', 'v35'], [1, 'co13'], [1, 'co17'], [1, 'co9'], [1, 'v36'], [1, 'v18'], [2, 'v36', 'v54'], [2, 'v38', 'v48'], [2, 'v10', 'v27'], [1, 'v28']]"
Sec4|Node13_187|Edge3_183,"[[2, 'co14', 'v47'], [1, 'co20'], [1, 'co11'], [1, 'co2'], [2, 'v40', 'v52'], [2, 'v32', 'co21'], [1, 'v31'], [2, 'v52', 'co16'], [1, 'v42'], [1, 'v5'], [1, 'v54'], [2, 'v2', 'v8'], [1, 'v36'], [2, 'v33', 'v38'], [2, 'v59', 'v21'], [1, 'v46']]"
Sec4|Node13_187|Edge4_211,"[[2, 'v60', 'v36'], [2, 'v57', 'v52'], [1, 'co16'], [1, 'v43'], [1, 'v17'], [1, 'v34']]"
Sec4|Node13_187|Edge5_184,"[[1, 'v1'], [2, 'co9', 'v44'], [1, 'v16'], [1, 'v46'], [1, 'v26'], [2, 'co9', 'v37'], [1, 'co10'], [1, 'v21'], [2, 'co4', 'co20'], [2, 'v23', 'v30'], [2, 'v37', 'v21']]"
Sec4|Node13_187|Edge6_211,"[[2, 'v24', 'co5'], [2, 'v3', 'v8'], [1, 'v15'], [1, 'co16'], [1, 'v19']]"
Sec4|Node13_187|Edge7_205,"[[1, 'v40'], [1, 'v43'], [2, 'v27', 'v24'], [2, 'co4', 'v27'], [1, 'v38'], [2, 'v14', 'v36'], [2, 'v6', 'v53'], [1, 'v53'], [1, 'co22'], [2, 'v23', 'v26'], [1, 'v57'], [2, 'co1', 'v31'], [2, 'v34', 'v4'], [2, 'v41', 'v39'], [2, 'v28', 'co4'], [2, 'co6', 'co8'], [2, 'co13', 'v58'], [2, 'co9', 'v58'], [1, 'v48'], [2, 'v8', 'v10'], [2, 'co16', 'v42']]"
Sec4|Node13_187|Edge8_225,"[[2, 'v22', 'v34'], [1, 'co19']]"
Sec4|Node20_410|Edge1_146,"[[1, 'co16'], [2, 'v3', 'co14'], [2, 'co26', 'co17'], [2, 'v2', 'co17'], [2, 'co15', 'co1'], [2, 'co27', 'co29']]"
Sec4|Node20_410|Edge2_134,"[[2, 'co3', 'co4'], [1, 'co8'], [2, 'co4', 'v12'], [1, 'v12'], [1, 'co5'], [2, 'co8', 'v10'], [1, 'co25'], [1, 'co3'], [1, 'co26'], [1, 'v2'], [1, 'co27'], [1, 'v11'], [1, 'co22'], [1, 'co28'], [1, 'co1'], [1, 'v6'], [2, 'v7', 'co26'], [2, 'v2', 'co23'], [2, 'co13', 'v2'], [2, 'co5', 'co14'], [2, 'co17', 'co2'], [2, 'co15', 'co25'], [1, 'co18'], [1, 'co23']]"
Sec4|Node20_410|Edge3_167,"[[1, 'co20'], [2, 'co23', 'co9'], [1, 'co15'], [2, 'co26', 'co11'], [2, 'v10', 'co9'], [1, 'co6'], [1, 'v7'], [1, 'co8'], [2, 'v8', 'co16'], [2, 'co27', 'v2'], [1, 'co23'], [2, 'co22', 'co27']]"
Sec4|Node20_410|Edge4_113,"[[2, 'co16', 'co5'], [2, 'v11', 'v4'], [2, 'v5', 'co21'], [2, 'co1', 'co17'], [2, 'v13', 'co24'], [1, 'v5'], [2, 'co10', 'v12'], [1, 'co11'], [1, 'v11'], [2, 'co12', 'co18'], [2, 'co24', 'co11'], [2, 'co12', 'v7']]"
Sec4|Node20_410|Edge5_153,"[[2, 'v13', 'co15'], [1, 'co26'], [2, 'v7', 'co21'], [1, 'co29'], [2, 'co4', 'co8'], [2, 'co1', 'co2'], [1, 'co2'], [2, 'co5', 'co27'], [1, 'co8'], [1, 'co10'], [2, 'v5', 'v4'], [2, 'co7', 'v9'], [2, 'v2', 'co17'], [1, 'co17'], [2, 'v13', 'co4'], [2, 'co2', 'co17'], [1, 'v1'], [2, 'co15', 'co29'], [2, 'v5', 'co2'], [2, 'co20', 'v4'], [1, 'co4'], [1, 'v5'], [2, 'co17', 'v9'], [1, 'co20']]"
Sec4|Node20_410|Edge6_109,"[[2, 'co19', 'co26'], [1, 'v1'], [1, 'co20'], [1, 'v13'], [2, 'co19', 'co23'], [1, 'co27'], [2, 'v10', 'co16'], [2, 'co20', 'co9'], [1, 'v10'], [2, 'v10', 'v2'], [2, 'co14', 'co11'], [2, 'co7', 'v11'], [2, 'co24', 'v8']]"
Sec4|Node20_410|Edge7_153,"[[1, 'co11'], [1, 'co9'], [2, 'co12', 'v13'], [1, 'co20']]"
Sec4|Node20_410|Edge8_163,"[[2, 'co25', 'co8'], [2, 'co23', 'co9'], [2, 'co26', 'co20'], [1, 'v5'], [1, 'co5'], [1, 'v2'], [1, 'co16'], [1, 'co8'], [1, 'co29'], [2, 'v10', 'v7'], [1, 'co21'], [1, 'co20']]"
Sec4|Node4_168|Edge1_187,"[[1, 'v2'], [1, 'co1'], [2, 'v1', 'v3'], [1, 'v3'], [2, 'co2', 'co1']]"
Sec4|Node4_168|Edge2_170,"[[1, 'v3'], [2, 'v1', 'v2'], [1, 'v2']]"
Sec4|Node4_168|Edge3_169,"[[1, 'v3'], [2, 'v1', 'v2'], [1, 'v2']]"
Sec4|Node4_168|Edge4_173,"[[2, 'co1', 'v3'], [1, 'co2'], [2, 'v3', 'v1'], [1, 'v1'], [2, 'v2', 'co1']]"
Sec4|Node4_168|Edge5_194,"[[1, 'v1'], [2, 'co2', 'v2'], [2, 'co1', 'v2']]"
Sec4|Node4_168|Edge6_166,"[[1, 'v1']]"
Sec4|Node4_168|Edge7_212,"[[1, 'co2'], [2, 'v2', 'v1'], [2, 'v2', 'co1']]"
Sec4|Node4_168|Edge8_202,"[[2, 'co1', 'v2'], [1, 'v1'], [2, 'co1', 'co2'], [2, 'v1', 'v2']]"
Sec4|Node7_291|Edge1_183,"[[1, 'v56'], [2, 'v54', 'v18'], [1, 'v45'], [1, 'v64'], [2, 'v68', 'co30'], [1, 'v50'], [2, 'v55', 'v54'], [1, 'v21']]"
Sec4|Node7_291|Edge2_205,"[[2, 'v43', 'v4'], [2, 'v75', 'v50'], [1, 'v23'], [2, 'co2', 'co28'], [2, 'v72', 'v58'], [2, 'co19', 'v42'], [2, 'v22', 'co20'], [2, 'v40', 'v67'], [2, 'v66', 'v30'], [2, 'co10', 'co30'], [1, 'v4'], [1, 'co5'], [1, 'v3'], [2, 'co26', 'v3'], [1, 'v8'], [1, 'v31'], [1, 'co11'], [2, 'v11', 'co33'], [1, 'v16'], [1, 'v13'], [1, 'v50'], [2, 'v59', 'v19']]"
Sec4|Node7_291|Edge3_187,"[[1, 'v27'], [2, 'v38', 'v2'], [1, 'co33'], [2, 'v51', 'v20'], [1, 'co25'], [2, 'v61', 'co7'], [2, 'v22', 'co17'], [2, 'v20', 'v68'], [2, 'co11', 'v36'], [1, 'co23'], [2, 'co3', 'v16'], [1, 'v18'], [1, 'v3'], [1, 'v36'], [1, 'v48'], [2, 'v46', 'v11'], [1, 'v6'], [2, 'v8', 'co28'], [1, 'v60'], [1, 'co30'], [2, 'v75', 'v63'], [1, 'v44'], [1, 'v65']]"
Sec4|Node7_291|Edge4_224,"[[1, 'co28'], [1, 'v53'], [1, 'co25'], [2, 'co12', 'v11'], [1, 'v68'], [1, 'v36'], [1, 'v24'], [1, 'v18'], [1, 'v58'], [2, 'v45', 'v49'], [1, 'v22'], [2, 'v67', 'v16'], [1, 'v43'], [2, 'co7', 'v72'], [2, 'v68', 'v28'], [2, 'v3', 'v35'], [2, 'co32', 'co13'], [1, 'v61']]"
Sec4|Node7_291|Edge5_172,"[[2, 'v40', 'co29'], [1, 'v50'], [1, 'v30'], [2, 'v75', 'v26'], [2, 'v3', 'v27'], [2, 'v15', 'co1'], [2, 'v51', 'v18'], [1, 'co3'], [2, 'co27', 'v74'], [1, 'v41'], [2, 'v58', 'v9'], [2, 'v17', 'v63'], [1, 'co11']]"
Sec4|Node7_291|Edge6_220,"[[2, 'v34', 'co20'], [2, 'co26', 'co8'], [1, 'v23'], [1, 'co4'], [1, 'co9'], [1, 'v63'], [2, 'v12', 'v17'], [1, 'co16'], [2, 'v39', 'v65'], [2, 'v57', 'v62'], [1, 'v20'], [1, 'v38'], [2, 'v55', 'co28']]"
Sec4|Node7_291|Edge7_190,"[[1, 'v33'], [1, 'v60'], [2, 'v27', 'v67'], [1, 'co18'], [2, 'v19', 'v37'], [1, 'co26'], [2, 'v39', 'v50'], [2, 'v37', 'v7'], [1, 'co2'], [1, 'v50'], [1, 'co8'], [1, 'v10'], [2, 'v4', 'co31'], [2, 'v73', 'co15'], [1, 'v43'], [1, 'v8'], [2, 'v48', 'co24'], [1, 'v75'], [2, 'v11', 'v59'], [1, 'co20']]"
Sec4|Node7_291|Edge8_236,"[[2, 'co24', 'co20'], [2, 'v74', 'v67'], [2, 'co29', 'v49'], [2, 'v1', 'v40'], [1, 'v3'], [2, 'v71', 'co16'], [1, 'co30']]"
Sec4|Node2_119|Edge1_267,"[[1, 'v27'], [1, 'v7'], [2, 'v14', 'v24'], [2, 'v8', 'v39'], [1, 'v21'], [2, 'co6', 'v40'], [1, 'v1'], [1, 'v29'], [2, 'v3', 'v12'], [1, 'co3'], [2, 'v18', 'v27'], [2, 'v24', 'v33'], [1, 'v10'], [1, 'v15'], [1, 'v26'], [2, 'v19', 'v25'], [2, 'v37', 'co5'], [1, 'co6'], [2, 'v1', 'v18'], [2, 'v12', 'co2'], [1, 'co1'], [2, 'co7', 'v29'], [2, 'v33', 'v29']]"
Sec4|Node2_119|Edge2_267,"[[2, 'v36', 'v1'], [2, 'v34', 'v18'], [1, 'v35'], [2, 'co3', 'v13'], [2, 'v38', 'v26'], [1, 'v16'], [1, 'v4'], [1, 'v20'], [2, 'v29', 'v20']]"
Sec4|Node2_119|Edge3_272,"[[2, 'v17', 'v26'], [2, 'v34', 'v6'], [2, 'v13', 'v19'], [1, 'co6'], [2, 'v34', 'v5'], [1, 'v40'], [2, 'co2', 'co1'], [2, 'v14', 'v16'], [2, 'v20', 'v38'], [1, 'v26'], [2, 'v38', 'v31'], [2, 'v30', 'v2'], [2, 'v24', 'v17'], [1, 'v20'], [1, 'v35'], [1, 'v10'], [1, 'co5'], [1, 'v28']]"
Sec4|Node2_119|Edge4_357,"[[1, 'v18'], [2, 'v7', 'v5'], [1, 'co7'], [1, 'v37'], [1, 'v4'], [2, 'v13', 'v29'], [1, 'v2'], [2, 'v37', 'v24'], [1, 'v30'], [2, 'v30', 'v21'], [2, 'v15', 'v28'], [1, 'v26'], [1, 'v3'], [1, 'v38'], [1, 'co1'], [2, 'co1', 'v40'], [2, 'v16', 'v18'], [2, 'v4', 'v5']]"
Sec4|Node2_119|Edge5_282,"[[1, 'co4'], [2, 'co2', 'v33'], [2, 'v35', 'v14'], [2, 'v27', 'v25'], [2, 'v3', 'v22'], [1, 'v24'], [2, 'v22', 'v19'], [2, 'v35', 'v17'], [2, 'v40', 'v18'], [2, 'v39', 'v1'], [1, 'v1'], [2, 'v9', 'v33'], [1, 'v36']]"
Sec4|Node2_119|Edge6_331,"[[2, 'v33', 'v30'], [1, 'v25'], [1, 'v19'], [2, 'v11', 'co7'], [2, 'v12', 'v28'], [2, 'v29', 'v21'], [1, 'v21']]"
Sec4|Node2_119|Edge7_288,"[[2, 'co5', 'v22'], [1, 'v8'], [1, 'v24'], [1, 'v6'], [1, 'co2'], [2, 'v37', 'v20'], [2, 'v17', 'v15'], [2, 'v10', 'v4']]"
Sec4|Node2_119|Edge8_298,"[[2, 'co3', 'v32'], [1, 'v15'], [1, 'v17'], [1, 'v13'], [1, 'v5'], [2, 'v1', 'v21'], [2, 'v33', 'v12'], [1, 'v36'], [1, 'v34'], [2, 'v30', 'v21'], [1, 'co4'], [2, 'co5', 'v27']]"
Sec4|Node25_184|Edge1_181,"[[1, 'co4'], [1, 'co1'], [2, 'v6', 'co7'], [2, 'co5', 'co4'], [2, 'co5', 'v4'], [1, 'co5'], [1, 'co7'], [1, 'v8'], [1, 'co2'], [2, 'co5', 'v7'], [2, 'v1', 'v6'], [2, 'co4', 'v5'], [2, 'co3', 'v6']]"
Sec4|Node25_184|Edge2_206,"[[1, 'v7'], [1, 'co2'], [1, 'v5'], [1, 'co3'], [1, 'v8'], [1, 'co6'], [1, 'co1'], [1, 'v4']]"
Sec4|Node25_184|Edge3_264,"[[1, 'co4'], [2, 'co7', 'co3'], [2, 'v7', 'v4'], [1, 'v5']]"
Sec4|Node25_184|Edge4_193,"[[1, 'co7'], [1, 'co2'], [1, 'v3'], [2, 'co5', 'v3']]"
Sec4|Node25_184|Edge5_205,"[[1, 'v3'], [2, 'co5', 'v6'], [1, 'co1'], [2, 'v2', 'v1'], [1, 'v2'], [1, 'co2']]"
Sec4|Node25_184|Edge6_290,"[[2, 'v2', 'v5'], [2, 'co6', 'co5'], [1, 'co7'], [2, 'v1', 'co4'], [2, 'co1', 'co2'], [1, 'v3'], [2, 'v1', 'co3'], [1, 'v7'], [1, 'v4'], [2, 'v5', 'v4'], [2, 'v1', 'co6'], [2, 'co3', 'co7']]"
Sec4|Node25_184|Edge7_199,"[[2, 'v1', 'co6']]"
Sec4|Node25_184|Edge8_220,"[[2, 'v3', 'v5'], [2, 'co5', 'v6']]"
Sec4|Node16_155|Edge1_198,"[[2, 'v33', 'v8'], [1, 'v19'], [2, 'v8', 'v2'], [2, 'v20', 'v18'], [1, 'v17'], [2, 'v14', 'v30'], [1, 'v8'], [1, 'v30'], [2, 'v6', 'v10'], [2, 'v8', 'co1'], [1, 'v13'], [2, 'v9', 'v22'], [1, 'v12'], [1, 'v22'], [1, 'co1'], [1, 'v16'], [1, 'v24'], [1, 'v7'], [2, 'v29', 'v33'], [1, 'v32'], [1, 'v14'], [1, 'v11'], [2, 'v33', 'v27'], [1, 'v25'], [1, 'v34'], [1, 'v3'], [2, 'v31', 'v7'], [2, 'v21', 'v18'], [1, 'v28']]"
Sec4|Node16_155|Edge2_234,"[[1, 'v24'], [2, 'v33', 'v23'], [2, 'v5', 'v34'], [2, 'v15', 'v32'], [1, 'v14'], [2, 'v20', 'v13'], [1, 'v11'], [2, 'v33', 'v16'], [1, 'v31'], [2, 'v23', 'v32']]"
Sec4|Node16_155|Edge3_211,"[[1, 'v12'], [1, 'v27'], [2, 'v10', 'v23'], [1, 'v16'], [1, 'v19'], [1, 'v28'], [2, 'v21', 'v3'], [1, 'v5'], [1, 'v2'], [2, 'v21', 'v28'], [2, 'v16', 'v33'], [1, 'v26'], [2, 'v4', 'v10'], [1, 'v14'], [2, 'v9', 'v12'], [2, 'v25', 'v12'], [2, 'v16', 'v14'], [1, 'v30'], [2, 'v10', 'v21']]"
Sec4|Node16_155|Edge4_217,"[[1, 'v12'], [2, 'v16', 'v15'], [2, 'v27', 'v25'], [1, 'v14'], [1, 'v10'], [2, 'v27', 'v12'], [1, 'v30'], [1, 'v29'], [2, 'v10', 'v16'], [2, 'v4', 'v16'], [1, 'v3'], [2, 'v20', 'v4'], [2, 'v2', 'v9'], [1, 'v21'], [2, 'v12', 'v31'], [2, 'v25', 'v22'], [1, 'v33'], [2, 'v27', 'v3'], [2, 'v10', 'v2'], [2, 'v10', 'v15'], [1, 'v28'], [2, 'v4', 'v14']]"
Sec4|Node16_155|Edge5_203,"[[2, 'v24', 'v23'], [2, 'v29', 'v9'], [1, 'v21'], [2, 'v7', 'v6'], [2, 'v22', 'v24'], [1, 'v11'], [1, 'v16'], [2, 'v28', 'v33'], [2, 'v23', 'v2'], [1, 'v12'], [2, 'v18', 'v3'], [2, 'v8', 'v16']]"
Sec4|Node16_155|Edge6_204,"[[1, 'v29'], [1, 'v12'], [2, 'v7', 'v26'], [1, 'v19'], [2, 'v20', 'v9'], [1, 'v3'], [2, 'v21', 'v31'], [2, 'v28', 'v23'], [2, 'v8', 'v1'], [2, 'v20', 'v12'], [1, 'v31'], [2, 'v23', 'v29'], [1, 'v9'], [2, 'v20', 'v14'], [1, 'v28'], [2, 'v31', 'v15'], [2, 'v28', 'v34'], [1, 'v32'], [2, 'v27', 'v9'], [2, 'v14', 'v25']]"
Sec4|Node16_155|Edge7_205,"[[1, 'v15'], [1, 'v1'], [2, 'v20', 'v4'], [1, 'v24'], [2, 'v1', 'v21'], [2, 'v15', 'v27'], [1, 'v29'], [2, 'v25', 'v3'], [1, 'v8'], [1, 'co1'], [2, 'v26', 'v4'], [2, 'v2', 'v21'], [2, 'v16', 'v20'], [1, 'v18'], [2, 'v31', 'v29'], [1, 'v10'], [2, 'v8', 'v31'], [1, 'v13'], [1, 'v5'], [2, 'v20', 'v23'], [2, 'v23', 'v2'], [2, 'v18', 'v10'], [2, 'v10', 'v33'], [2, 'v2', 'v9'], [1, 'v27'], [2, 'v4', 'v3'], [1, 'v12']]"
Sec4|Node16_155|Edge8_216,"[[1, 'v21'], [2, 'v17', 'v27'], [2, 'v30', 'v21'], [2, 'v21', 'v2'], [1, 'v33'], [1, 'v31'], [2, 'v1', 'v21'], [1, 'v22'], [2, 'v11', 'v4']]"
Sec4|Node8_135|Edge1_241,"[[2, 'v47', 'v39'], [1, 'v27'], [1, 'v5'], [1, 'v13'], [2, 'v17', 'v19'], [1, 'v44'], [1, 'v57']]"
Sec4|Node8_135|Edge2_262,"[[1, 'v15'], [2, 'v6', 'v31'], [1, 'v45'], [1, 'co16']]"
Sec4|Node8_135|Edge3_237,"[[1, 'v32'], [2, 'v41', 'co22'], [2, 'co23', 'co1'], [1, 'v26'], [2, 'v42', 'v54'], [2, 'v56', 'v50'], [2, 'v57', 'v26'], [2, 'co2', 'v54'], [1, 'co4'], [1, 'v16'], [1, 'v10'], [1, 'v8'], [2, 'v43', 'co4'], [1, 'co19'], [1, 'v19'], [2, 'v38', 'v36'], [1, 'v7'], [1, 'v1'], [2, 'v22', 'v27'], [2, 'v27', 'co16'], [1, 'v24'], [2, 'v47', 'v19'], [1, 'v51'], [1, 'co16'], [2, 'v11', 'v8'], [2, 'v54', 'v8'], [1, 'v50'], [2, 'co24', 'v54']]"
Sec4|Node8_135|Edge4_252,"[[2, 'v40', 'v52'], [2, 'co22', 'v5'], [1, 'co9'], [2, 'v54', 'v20']]"
Sec4|Node8_135|Edge5_278,"[[2, 'v29', 'co2']]"
Sec4|Node8_135|Edge6_252,"[[2, 'v9', 'v42'], [1, 'v40'], [2, 'v13', 'v55'], [2, 'v20', 'v3'], [1, 'v52'], [1, 'v44']]"
Sec4|Node8_135|Edge7_286,"[[2, 'co4', 'v32'], [2, 'co19', 'v30'], [2, 'v30', 'co15'], [2, 'v45', 'co8'], [2, 'v15', 'v46'], [2, 'co3', 'v19'], [2, 'v44', 'v25'], [1, 'co11'], [2, 'v27', 'v15'], [1, 'v13'], [1, 'co4'], [1, 'v38'], [1, 'v1'], [2, 'v50', 'v12'], [2, 'v37', 'v20'], [2, 'v30', 'co20'], [2, 'v2', 'v18'], [2, 'v15', 'v50'], [2, 'co19', 'co23'], [2, 'v56', 'v19'], [2, 'v29', 'v12'], [1, 'v17'], [1, 'co16'], [1, 'v55'], [2, 'v53', 'co11'], [1, 'v45'], [2, 'co15', 'v44'], [1, 'co17']]"
Sec4|Node8_135|Edge8_264,"[[1, 'co11'], [1, 'v7'], [1, 'v50'], [2, 'co1', 'v13'], [1, 'co4']]"
Sec4|Node19_171|Edge1_184,"[[1, 'v23'], [1, 'v30'], [2, 'v19', 'v33'], [1, 'v3'], [1, 'v14'], [2, 'v23', 'v22'], [2, 'v13', 'v43'], [2, 'v22', 'v9'], [1, 'v6'], [1, 'v9'], [2, 'v42', 'v32'], [1, 'v39'], [1, 'v4']]"
Sec4|Node19_171|Edge2_173,"[[2, 'v23', 'v10'], [2, 'v28', 'v41'], [2, 'co1', 'v17'], [2, 'v12', 'v20'], [1, 'v9'], [1, 'v14'], [2, 'v17', 'v13'], [2, 'co1', 'v24'], [2, 'co1', 'v25'], [2, 'co1', 'v40'], [2, 'v6', 'v20'], [2, 'v38', 'v26'], [1, 'v35'], [1, 'v28'], [2, 'co1', 'v15'], [2, 'v39', 'v11'], [1, 'v18'], [1, 'co1'], [1, 'v10'], [2, 'v35', 'v17'], [2, 'v43', 'v19'], [2, 'v25', 'v5'], [2, 'v6', 'v26'], [2, 'v23', 'v37'], [2, 'v14', 'v32'], [1, 'v40']]"
Sec4|Node19_171|Edge3_216,"[[2, 'v35', 'v36'], [2, 'v21', 'v22'], [1, 'v14'], [2, 'v27', 'v28'], [2, 'co1', 'v22'], [2, 'v17', 'v18'], [2, 'v9', 'v12']]"
Sec4|Node19_171|Edge4_219,"[[2, 'v37', 'v32'], [1, 'v43'], [1, 'v12'], [2, 'v25', 'v24'], [1, 'v36'], [2, 'v8', 'v23'], [1, 'v33'], [1, 'v7'], [1, 'v34'], [2, 'v12', 'v15'], [1, 'v2'], [2, 'v13', 'v43'], [2, 'v38', 'v35'], [2, 'v3', 'v1'], [1, 'v31'], [1, 'v3'], [1, 'v24'], [1, 'v23'], [2, 'v29', 'v5'], [1, 'v21'], [1, 'v1'], [2, 'v21', 'v40'], [2, 'v19', 'v29'], [2, 'v39', 'v31']]"
Sec4|Node19_171|Edge5_205,"[[2, 'v37', 'v17'], [1, 'v28'], [1, 'v27'], [1, 'v21'], [1, 'v23'], [2, 'v11', 'v32'], [1, 'v40'], [2, 'v38', 'v31'], [1, 'v4'], [2, 'v21', 'v35'], [2, 'v30', 'v2'], [2, 'v10', 'v33'], [2, 'v8', 'v25'], [1, 'v34'], [2, 'v30', 'v29']]"
Sec4|Node19_171|Edge6_235,"[[2, 'v36', 'v15'], [1, 'v16'], [1, 'v20'], [1, 'v23'], [2, 'v1', 'v14'], [1, 'v17'], [1, 'v3'], [2, 'v11', 'v20'], [2, 'v39', 'v17'], [1, 'v19'], [2, 'v31', 'v28'], [2, 'v22', 'v43'], [1, 'v8'], [1, 'v29'], [1, 'v14'], [2, 'v20', 'v18'], [1, 'v7'], [1, 'v5'], [2, 'v26', 'v34'], [2, 'v1', 'v43'], [2, 'v4', 'v39'], [2, 'v38', 'v10']]"
Sec4|Node19_171|Edge7_187,"[[1, 'v3'], [1, 'v37'], [1, 'v19'], [2, 'v29', 'v2'], [1, 'v20'], [2, 'v8', 'v34'], [2, 'v18', 'v2'], [1, 'v11'], [1, 'v38'], [1, 'v35'], [2, 'v9', 'v19'], [1, 'v18'], [1, 'v34'], [2, 'v11', 'v16'], [1, 'v28']]"
Sec4|Node19_171|Edge8_189,"[[1, 'v40'], [1, 'v11'], [1, 'v21'], [2, 'v19', 'v40'], [2, 'v3', 'v16'], [1, 'v36'], [2, 'v29', 'v41'], [2, 'v12', 'v14']]"
Sec4|Node14_279|Edge1_268,"[[2, 'v33', 'co20'], [2, 'co29', 'v20'], [1, 'co5'], [1, 'co62'], [2, 'v64', 'co12'], [1, 'v53'], [2, 'co36', 'v26'], [2, 'v63', 'co63']]"
Sec4|Node14_279|Edge2_352,"[[2, 'co3', 'v26'], [1, 'v13'], [1, 'co66']]"
Sec4|Node14_279|Edge3_269,"[[2, 'v63', 'co64'], [2, 'co38', 'co44'], [2, 'co4', 'v54'], [1, 'co27'], [2, 'co52', 'co23'], [1, 'co5'], [1, 'v43'], [2, 'v47', 'co51'], [1, 'v49'], [1, 'co45'], [1, 'co67'], [1, 'co9'], [1, 'v59'], [1, 'v15'], [2, 'v62', 'co6'], [1, 'v26'], [1, 'v30'], [2, 'co57', 'co28'], [2, 'co59', 'co40'], [2, 'co13', 'co43'], [1, 'v46'], [1, 'v32'], [2, 'co19', 'co30'], [2, 'v26', 'co29'], [1, 'co37'], [1, 'v6'], [2, 'co28', 'v17']]"
Sec4|Node14_279|Edge4_335,"[[2, 'co11', 'v5'], [2, 'v58', 'v12'], [2, 'co45', 'v45'], [2, 'co44', 'v48'], [1, 'co43'], [2, 'v46', 'v65'], [2, 'co64', 'v33'], [1, 'v13'], [2, 'co65', 'co59'], [2, 'v51', 'v37'], [1, 'v60'], [2, 'v41', 'co8'], [2, 'v20', 'v4'], [2, 'co59', 'v12'], [2, 'v37', 'co54'], [1, 'v51'], [2, 'co30', 'co38'], [1, 'co12'], [2, 'v45', 'v18'], [2, 'v41', 'co65'], [2, 'co36', 'v45'], [1, 'v70'], [1, 'co25'], [2, 'v49', 'co61'], [2, 'v51', 'v60'], [2, 'v38', 'co51'], [2, 'co25', 'v50']]"
Sec4|Node14_279|Edge5_274,"[[1, 'co40'], [1, 'v57'], [2, 'co38', 'v13'], [2, 'v69', 'v8']]"
Sec4|Node14_279|Edge6_349,"[[2, 'v27', 'co52'], [1, 'v8'], [1, 'v49'], [1, 'v4'], [1, 'co1'], [1, 'co54'], [1, 'v19'], [1, 'co47'], [2, 'v15', 'co6'], [2, 'v22', 'v40'], [1, 'co42'], [1, 'co24'], [2, 'v28', 'co10'], [2, 'co30', 'v61'], [2, 'co28', 'v67'], [1, 'co4']]"
Sec4|Node14_279|Edge7_362,"[[2, 'v36', 'v69'], [2, 'co25', 'co53'], [2, 'co56', 'co1'], [2, 'co37', 'v3'], [1, 'co19'], [1, 'v9'], [1, 'co23'], [2, 'co57', 'co63'], [1, 'v21'], [2, 'v36', 'v26'], [1, 'co39'], [2, 'v11', 'v26'], [1, 'v32'], [2, 'co64', 'co21'], [1, 'co27'], [2, 'v67', 'co51'], [2, 'co59', 'v60'], [1, 'v31'], [1, 'co62'], [2, 'co8', 'co67'], [2, 'v22', 'v51'], [2, 'co50', 'co41'], [1, 'co31'], [1, 'co26'], [2, 'co4', 'v63']]"
Sec4|Node14_279|Edge8_281,"[[2, 'v29', 'co1'], [1, 'v66'], [2, 'co16', 'co59'], [2, 'co14', 'v20'], [1, 'v50'], [2, 'v30', 'co4'], [1, 'v30'], [1, 'v17'], [1, 'co47'], [2, 'v42', 'co59'], [1, 'co10'], [2, 'co64', 'v34'], [1, 'v32'], [1, 'v16'], [1, 'co31'], [2, 'co62', 'co27'], [1, 'v28'], [2, 'co32', 'v22'], [2, 'co44', 'co11'], [2, 'v20', 'v23'], [2, 'co35', 'co43'], [1, 'co30'], [2, 'v67', 'co50'], [2, 'v23', 'v33'], [1, 'co55'], [1, 'co67'], [1, 'co52'], [2, 'v16', 'co1'], [1, 'v53'], [1, 'co41']]"
Sec4|Node6_212|Edge1_207,"[[1, 'co4'], [2, 'v36', 'co43'], [2, 'v13', 'co5'], [2, 'co21', 'v24'], [2, 'v51', 'v31'], [2, 'co49', 'v8'], [2, 'v12', 'v7'], [1, 'co27'], [1, 'co34'], [2, 'v5', 'co7'], [2, 'v59', 'co13'], [2, 'co9', 'v30'], [1, 'v1'], [1, 'v13'], [2, 'co39', 'v31'], [1, 'v58'], [2, 'co22', 'co8'], [2, 'v45', 'co3'], [2, 'v37', 'v9'], [2, 'v23', 'co34'], [1, 'co52'], [2, 'co22', 'v14'], [2, 'co45', 'v15']]"
Sec4|Node6_212|Edge2_257,"[[2, 'co41', 'co47'], [1, 'co47'], [2, 'co18', 'v56'], [1, 'co28']]"
Sec4|Node6_212|Edge3_293,"[[1, 'co32'], [1, 'v19'], [2, 'v12', 'v44'], [2, 'co2', 'v45'], [1, 'v13'], [1, 'v35'], [1, 'v28'], [2, 'co53', 'v50'], [1, 'co30'], [2, 'co43', 'v3'], [1, 'co45'], [2, 'co15', 'co36'], [2, 'v36', 'v4'], [2, 'co36', 'v44']]"
Sec4|Node6_212|Edge4_235,"[[1, 'co20'], [1, 'v58'], [1, 'v37'], [2, 'v52', 'v11'], [2, 'co12', 'co38'], [2, 'v14', 'v29'], [2, 'co38', 'v38'], [2, 'co39', 'co41'], [1, 'co33'], [2, 'v2', 'co16'], [1, 'v57'], [1, 'co3'], [2, 'co19', 'v27'], [1, 'co39'], [2, 'v59', 'co35']]"
Sec4|Node6_212|Edge5_264,"[[2, 'co8', 'co23'], [1, 'v44'], [2, 'co34', 'v40'], [1, 'co7'], [2, 'co1', 'v13'], [1, 'v6'], [1, 'co18'], [2, 'v41', 'co34'], [1, 'v20'], [1, 'co48'], [2, 'v41', 'co33'], [1, 'v61'], [2, 'v42', 'co43'], [1, 'v53'], [2, 'v29', 'v60'], [1, 'co40'], [2, 'v55', 'co13'], [1, 'v10'], [1, 'v41'], [2, 'co35', 'v12'], [2, 'co51', 'v27'], [1, 'v39'], [1, 'co33'], [2, 'v22', 'co10'], [1, 'v45'], [2, 'co32', 'v27'], [1, 'v55'], [2, 'co23', 'co11']]"
Sec4|Node6_212|Edge6_213,"[[2, 'v30', 'v2'], [1, 'co31'], [1, 'co8'], [2, 'v35', 'v26'], [2, 'co48', 'co5'], [2, 'co21', 'v36'], [1, 'v13'], [1, 'v52'], [2, 'v19', 'v42'], [2, 'v14', 'v5'], [2, 'co37', 'v26'], [2, 'v55', 'v16'], [2, 'co33', 'v62'], [2, 'v17', 'v6']]"
Sec4|Node6_212|Edge7_305,"[[2, 'v24', 'v1']]"
Sec4|Node6_212|Edge8_209,"[[1, 'co29'], [2, 'v45', 'v40'], [1, 'co53'], [1, 'v7'], [2, 'co5', 'co28'], [2, 'co36', 'co3'], [1, 'co17'], [1, 'co38'], [2, 'v30', 'v7']]"
Sec4|Node21_356|Edge1_180,"[[1, 'co32'], [1, 'co38'], [1, 'co1'], [2, 'co12', 'co11'], [1, 'co20'], [1, 'co8'], [2, 'co18', 'co13'], [2, 'co52', 'co19'], [2, 'co5', 'co30'], [1, 'co4'], [1, 'co49'], [1, 'co24'], [1, 'co42'], [2, 'co16', 'co23'], [1, 'co52'], [1, 'co21'], [1, 'co6'], [2, 'co6', 'co2'], [2, 'co31', 'co8'], [2, 'v3', 'co28'], [2, 'co26', 'co5'], [1, 'co16'], [2, 'co18', 'co20'], [1, 'co47'], [2, 'co25', 'v1'], [2, 'co19', 'co34'], [2, 'co9', 'co21'], [1, 'v2'], [2, 'co35', 'co4']]"
Sec4|Node21_356|Edge2_84,"[[2, 'co30', 'co15'], [1, 'co14'], [2, 'co37', 'co19'], [1, 'co24'], [2, 'co7', 'co45'], [2, 'co11', 'co7'], [1, 'co33'], [2, 'co37', 'co32'], [1, 'co48'], [1, 'co8'], [2, 'co32', 'co5']]"
Sec4|Node21_356|Edge3_148,"[[2, 'co8', 'co5'], [2, 'co26', 'co30'], [2, 'co11', 'co23'], [1, 'co8'], [2, 'co8', 'co25'], [1, 'co45'], [2, 'co28', 'co1'], [2, 'co21', 'co52'], [2, 'co18', 'co27'], [2, 'co38', 'co52'], [1, 'co16']]"
Sec4|Node21_356|Edge4_247,"[[1, 'co11'], [2, 'co48', 'co9'], [1, 'co2'], [2, 'co13', 'co3'], [1, 'co35'], [1, 'co47'], [1, 'co21'], [2, 'co8', 'co22'], [1, 'v1'], [1, 'co28'], [2, 'co37', 'co21'], [1, 'co34'], [1, 'co42'], [1, 'co19'], [1, 'co1'], [1, 'co22']]"
Sec4|Node21_356|Edge5_157,"[[1, 'co35'], [2, 'co41', 'co15'], [1, 'co42'], [1, 'co23'], [1, 'co31'], [2, 'co48', 'co27'], [2, 'co36', 'co17'], [1, 'co47']]"
Sec4|Node21_356|Edge6_214,"[[2, 'v3', 'co11'], [1, 'co52'], [2, 'co23', 'co4'], [2, 'co13', 'co47'], [2, 'co25', 'co31']]"
Sec4|Node21_356|Edge7_179,"[[1, 'co43'], [1, 'co23'], [1, 'v2'], [1, 'co24'], [1, 'co49'], [2, 'co23', 'co30'], [2, 'co35', 'co31'], [2, 'co36', 'co43'], [2, 'co5', 'co1'], [2, 'co27', 'co47'], [2, 'co18', 'co11'], [1, 'co48'], [2, 'co9', 'co20'], [2, 'co10', 'co51'], [2, 'co37', 'co32']]"
Sec4|Node21_356|Edge8_162,"[[1, 'co17'], [1, 'co44'], [2, 'co32', 'co34'], [2, 'co49', 'co31'], [2, 'co14', 'co37'], [1, 'co3'], [1, 'co4'], [2, 'co15', 'co34'], [2, 'co26', 'co52'], [1, 'co24'], [1, 'co7'], [2, 'co11', 'co14'], [2, 'co7', 'co37'], [1, 'co25'], [2, 'co33', 'co13']]"
Sec4|Node15_119|Edge1_289,"[[2, 'co21', 'co16'], [1, 'co14'], [1, 'co6'], [2, 'co14', 'co13']]"
Sec4|Node15_119|Edge2_306,"[[2, 'v8', 'co7'], [2, 'co19', 'co20'], [1, 'co1'], [1, 'co19'], [2, 'co5', 'v8'], [1, 'co17'], [1, 'co15'], [2, 'co17', 'v5'], [1, 'co18'], [2, 'co16', 'v3'], [2, 'v5', 'co15'], [2, 'co4', 'v2'], [1, 'co7'], [1, 'co14'], [2, 'co4', 'co6']]"
Sec4|Node15_119|Edge3_275,"[[2, 'v6', 'co18'], [2, 'co10', 'co3'], [1, 'co14'], [2, 'co8', 'co6'], [2, 'co9', 'v8'], [1, 'co2'], [2, 'v1', 'co4'], [1, 'v6'], [2, 'co8', 'v5'], [1, 'co20'], [2, 'co17', 'v1'], [2, 'co10', 'co12'], [1, 'co5'], [2, 'v8', 'co11'], [1, 'co4'], [2, 'co14', 'co6'], [1, 'co1'], [1, 'co9'], [1, 'v1'], [1, 'v8'], [1, 'v4']]"
Sec4|Node15_119|Edge4_314,"[[1, 'co18'], [2, 'co6', 'co20'], [2, 'co4', 'co20'], [1, 'co9'], [1, 'co6'], [2, 'v2', 'co8'], [2, 'co5', 'v7'], [2, 'co21', 'co9'], [1, 'co16'], [2, 'v3', 'co10']]"
Sec4|Node15_119|Edge5_286,"[[2, 'co1', 'co19'], [1, 'v6'], [1, 'v5'], [1, 'v3'], [1, 'co13'], [2, 'co9', 'v4'], [2, 'co7', 'co12'], [2, 'co5', 'co11'], [2, 'v8', 'co6'], [2, 'co15', 'co4'], [1, 'co12'], [1, 'co6']]"
Sec4|Node15_119|Edge6_313,"[[1, 'co12'], [1, 'co9'], [2, 'co12', 'co2'], [2, 'co4', 'co1'], [1, 'co17'], [2, 'co2', 'v5'], [1, 'co15'], [1, 'v7'], [1, 'co21'], [1, 'co5'], [2, 'v7', 'co19'], [2, 'co19', 'co10']]"
Sec4|Node15_119|Edge7_289,"[[1, 'co14'], [2, 'v3', 'co19'], [1, 'v5'], [2, 'co13', 'co4'], [2, 'co1', 'co17'], [2, 'co7', 'co16'], [1, 'co11'], [2, 'co8', 'co14'], [2, 'v8', 'v4']]"
Sec4|Node15_119|Edge8_264,"[[2, 'v2', 'co17'], [2, 'co20', 'co18'], [1, 'co14'], [2, 'co4', 'co17'], [2, 'co5', 'co8'], [2, 'co14', 'v7'], [1, 'co4'], [2, 'v2', 'co7'], [1, 'co1']]"
Sec4|Node1_198|Edge1_224,"[[1, 'v168'], [1, 'v91'], [2, 'v61', 'v83'], [2, 'v52', 'v14'], [1, 'v41'], [1, 'v46'], [1, 'v112'], [2, 'v96', 'v107'], [2, 'v64', 'v87'], [2, 'v52', 'v171'], [1, 'v165'], [2, 'v22', 'v45'], [2, 'v30', 'v87'], [1, 'v17'], [2, 'v98', 'v173'], [2, 'v49', 'v61'], [2, 'v55', 'v166'], [1, 'v65'], [1, 'v164'], [2, 'v26', 'v138'], [1, 'v108'], [1, 'v170'], [2, 'v81', 'v64'], [2, 'v16', 'v170'], [2, 'v80', 'v18'], [2, 'v133', 'v184']]"
Sec4|Node1_198|Edge2_208,"[[1, 'v184'], [1, 'v16'], [2, 'v159', 'v151'], [2, 'v82', 'v52'], [2, 'v61', 'v44'], [2, 'v98', 'v38'], [1, 'v148'], [1, 'v69'], [1, 'v126'], [2, 'v32', 'v167'], [1, 'v38'], [2, 'v138', 'v112'], [1, 'v81'], [2, 'v18', 'v8'], [1, 'v85'], [1, 'v36'], [1, 'v160'], [1, 'v144'], [1, 'v42'], [1, 'v1'], [1, 'v72'], [1, 'v123'], [1, 'v113'], [2, 'v107', 'v60'], [2, 'v45', 'v94'], [2, 'v33', 'co2'], [1, 'v146'], [2, 'v160', 'v173'], [1, 'v74']]"
Sec4|Node1_198|Edge3_200,"[[1, 'v31'], [1, 'v70'], [2, 'v32', 'v184'], [1, 'v88'], [2, 'v26', 'v125'], [2, 'v88', 'v164'], [1, 'v157'], [1, 'v30'], [1, 'v130'], [1, 'v23'], [1, 'v107'], [1, 'v156']]"
Sec4|Node1_198|Edge4_198,"[[1, 'v161'], [2, 'v67', 'v74'], [2, 'v122', 'v101'], [1, 'v42'], [2, 'v146', 'v117'], [1, 'v30']]"
Sec4|Node1_198|Edge5_209,"[[1, 'co2'], [1, 'v67'], [1, 'v55'], [1, 'v20'], [2, 'v56', 'v61'], [2, 'v165', 'v155'], [1, 'v44'], [1, 'v146'], [2, 'v1', 'v160'], [2, 'v74', 'v144']]"
Sec4|Node1_198|Edge6_211,"[[1, 'v24'], [1, 'v136'], [2, 'v150', 'v67'], [2, 'v65', 'v120'], [1, 'v95'], [1, 'v134'], [1, 'v140'], [1, 'v11'], [1, 'v106'], [1, 'v153'], [2, 'v176', 'v110'], [1, 'v26'], [1, 'v102'], [1, 'v69'], [1, 'v145'], [2, 'v160', 'v150'], [1, 'v120'], [1, 'v32'], [2, 'v140', 'v41'], [1, 'v83'], [2, 'v59', 'v94']]"
Sec4|Node1_198|Edge7_196,"[[1, 'v118'], [1, 'v163'], [1, 'v100'], [2, 'v29', 'v96'], [1, 'v156'], [1, 'v168'], [1, 'v5'], [2, 'v149', 'v16']]"
Sec4|Node1_198|Edge8_221,"[[1, 'v107'], [1, 'v125'], [1, 'v136'], [1, 'v148'], [2, 'v124', 'v2'], [1, 'v69'], [1, 'v150'], [2, 'v139', 'v104'], [1, 'v13'], [2, 'v177', 'v84'], [2, 'v127', 'v119'], [2, 'v178', 'v100'], [2, 'v180', 'v156'], [2, 'v119', 'v61']]"
